00:00:05,4.8
00:01:05,4.8
00:02:04,4.7
00:03:05,4.6
00:04:05,4.8
00:05:05,4.8
00:06:05,4.7
00:07:05,4.8
00:08:05,4.7
00:09:05,4.7
00:10:05,4.8
00:11:05,4.8
00:12:05,4.7
00:13:05,4.8
00:14:05,4.8
00:15:05,4.8
00:16:05,4.8
00:17:05,4.8
00:18:05,4.8
00:19:05,4.8
00:20:05,4.8
00:21:04,4.8
00:22:05,4.8
00:23:05,4.8
00:24:05,4.8
00:25:05,4.8
00:26:05,4.8
00:27:05,4.8
00:28:05,4.8
00:29:05,4.8
00:30:05,4.6
00:31:05,4.8
00:32:05,4.8
00:33:05,4.6
00:34:05,4.8
00:35:05,4.8
00:36:05,4.8
00:37:05,4.8
00:38:05,4.8
00:39:05,4.8
00:40:05,4.8
00:41:05,4.8
00:42:05,4.8
00:43:05,4.8
00:44:05,4.8
00:45:05,4.8
00:46:05,4.8
00:47:05,4.8
00:48:05,4.7
00:49:05,4.8
00:50:05,4.7
00:51:05,4.8
00:52:05,4.8
00:53:05,4.7
00:54:05,4.7
00:55:05,4.8
00:56:05,4.8
00:57:04,4.8
00:58:05,4.8
00:59:05,4.8
01:00:05,4.8
01:01:04,4.7
01:02:05,4.8
01:03:05,4.8
01:04:05,4.9
01:05:05,4.9
01:06:05,4.9
01:07:05,4.9
01:08:05,4.9
01:09:05,4.9
01:10:05,4.9
01:11:05,4.9
01:12:05,4.7
01:13:05,4.9
01:14:05,4.9
01:15:05,4.7
01:16:05,4.9
01:17:05,4.7
01:18:05,4.7
01:19:05,4.9
01:20:04,4.9
01:21:05,4.9
01:22:05,4.9
01:23:05,4.9
01:24:05,4.7
01:25:05,4.9
01:26:05,4.9
01:27:05,4.9
01:28:05,4.9
01:29:05,4.9
01:30:05,4.9
01:31:05,4.9
01:32:05,4.9
01:33:05,4.9
01:34:05,4.9
01:35:05,4.9
01:36:05,4.8
01:37:05,4.9
01:38:05,4.8
01:39:04,4.9
01:40:05,4.9
01:41:05,5.1
01:42:05,5.1
01:43:05,5.0
01:44:05,4.9
01:45:05,5.1
01:46:05,4.9
01:47:05,5.0
01:48:05,5.1
01:49:05,5.1
01:50:05,4.9
01:51:05,4.9
01:52:05,5.1
01:53:05,4.9
01:54:05,4.8
01:55:05,4.9
01:56:05,4.9
01:57:05,5.0
01:58:05,4.9
01:59:05,5.0
02:00:05,4.9
02:01:05,5.0
02:02:05,4.9
02:03:05,4.9
02:04:05,5.0
02:05:05,4.9
02:06:05,4.9
02:07:05,5.0
02:08:05,5.0
02:09:05,5.0
02:10:05,5.0
02:11:05,5.0
02:12:05,5.0
02:13:05,5.0
02:14:05,5.0
02:15:05,5.0
02:16:05,5.0
02:17:05,5.0
02:18:05,5.0
02:19:04,5.0
02:20:05,5.0
02:21:05,5.0
02:22:05,5.0
02:23:05,5.0
02:24:05,5.0
02:25:05,5.0
02:26:05,5.0
02:27:05,5.0
02:28:05,4.8
02:29:05,5.0
02:30:05,5.0
02:31:05,5.0
02:32:05,5.0
02:33:05,4.9
02:34:05,4.8
02:35:05,5.0
02:36:05,4.8
02:37:05,5.0
02:38:05,5.0
02:39:04,5.0
02:40:05,4.9
02:41:05,5.0
02:42:05,4.9
02:43:05,5.0
02:44:05,5.0
02:45:05,5.0
02:46:05,4.9
02:47:05,5.0
02:48:05,5.1
02:49:05,5.2
02:50:05,5.2
02:51:05,5.2
02:52:05,5.2
02:53:05,5.2
02:54:05,5.1
02:55:05,5.1
02:56:05,5.1
02:57:05,5.0
02:58:04,5.1
02:59:05,5.0
03:00:05,5.1
03:01:05,4.9
03:02:04,5.1
03:03:05,5.1
03:04:05,5.2
03:05:05,5.1
03:06:05,5.1
03:07:05,5.1
03:08:05,5.1
03:09:05,5.1
03:10:05,5.1
03:11:05,5.2
03:12:05,5.2
03:13:05,5.2
03:14:05,5.2
03:15:05,5.2
03:16:05,5.1
03:17:05,5.2
03:18:05,5.2
03:19:05,5.1
03:20:05,5.1
03:21:04,5.1
03:22:05,5.1
03:23:05,5.1
03:24:05,5.2
03:25:05,5.1
03:26:05,5.3
03:27:05,5.3
03:28:05,5.3
03:29:05,5.3
03:30:05,5.1
03:31:05,5.1
03:32:05,5.3
03:33:05,5.3
03:34:05,5.3
03:35:05,5.2
03:36:05,5.1
03:37:05,5.1
03:38:05,5.1
03:39:05,5.1
03:40:04,5.0
03:41:05,5.1
03:42:05,5.1
03:43:05,5.1
03:44:05,5.1
03:45:05,5.1
03:46:05,5.1
03:47:05,5.1
03:48:05,5.1
03:49:05,5.1
03:50:05,5.1
03:51:05,5.1
03:52:05,5.1
03:53:05,5.1
03:54:05,5.1
03:55:05,5.1
03:56:05,5.2
03:57:05,5.2
03:58:04,5.2
03:59:05,5.2
04:00:05,5.2
04:01:05,5.2
04:02:05,5.2
04:03:05,5.2
04:04:05,5.2
04:05:05,5.2
04:06:05,5.2
04:07:05,5.2
04:08:05,5.0
04:09:05,5.2
04:10:05,5.2
04:11:05,5.0
04:12:05,5.2
04:13:05,5.2
04:14:05,5.2
04:15:05,5.3
04:16:05,5.3
04:17:05,5.4
04:18:05,5.4
04:19:04,5.4
04:20:05,5.4
04:21:05,5.4
04:22:05,5.3
04:23:05,5.4
04:24:05,5.4
04:25:05,5.4
04:26:05,5.4
04:27:05,5.4
04:28:05,5.4
04:29:05,5.3
04:30:05,5.2
04:31:05,5.4
04:32:05,5.4
04:33:05,5.4
04:34:05,5.4
04:35:05,5.4
04:36:05,5.2
04:37:05,5.2
04:38:04,5.1
04:39:05,5.1
04:40:05,5.2
04:41:05,5.2
04:42:05,5.2
04:43:05,5.4
04:44:05,5.4
04:45:05,5.3
04:46:05,5.3
04:47:05,5.4
04:48:05,5.4
04:49:05,5.3
04:50:05,5.2
04:51:05,5.3
04:52:05,5.3
04:53:05,5.3
04:54:05,5.4
04:55:05,5.3
04:56:05,5.4
04:57:05,5.3
04:58:05,5.4
04:59:05,5.4
05:00:05,5.3
05:01:05,5.4
05:02:05,5.4
05:03:05,5.3
05:04:05,5.1
05:05:05,5.3
05:06:05,5.3
05:07:05,5.3
05:08:05,5.3
05:09:05,5.3
05:10:05,5.3
05:11:05,5.3
05:12:05,5.3
05:13:05,5.3
05:14:05,5.3
05:15:05,5.3
05:16:04,5.3
05:17:05,5.3
05:18:05,5.3
05:19:05,5.1
05:20:05,5.3
05:21:05,5.3
05:22:05,5.3
05:23:05,5.1
05:24:05,5.3
05:25:05,5.3
05:26:05,5.3
05:27:05,5.3
05:28:05,5.3
05:29:05,5.3
05:30:05,5.3
05:31:05,5.3
05:32:05,5.3
05:33:05,5.3
05:34:05,5.3
05:35:05,5.3
05:36:05,5.3
05:37:05,5.3
05:38:05,5.3
05:39:05,5.5
05:40:05,5.4
05:41:05,5.3
05:42:05,5.5
05:43:05,5.2
05:44:05,5.3
05:45:05,5.4
05:46:05,5.3
05:47:05,5.4
05:48:05,5.4
05:49:05,5.4
05:50:05,5.4
05:51:05,5.4
05:52:05,5.3
05:53:04,5.5
05:54:05,5.5
05:55:05,5.5
05:56:05,5.4
05:57:05,5.5
05:58:05,5.5
05:59:05,5.5
06:00:05,5.6
06:01:05,5.5
06:02:05,5.5
06:03:05,5.5
06:04:05,5.5
06:05:05,5.5
06:06:05,5.6
06:07:05,5.6
06:08:05,5.6
06:09:05,5.5
06:10:05,5.5
06:11:05,5.5
06:12:05,5.4
06:13:05,5.6
06:14:05,5.4
06:15:05,5.6
06:16:05,5.4
06:17:04,5.6
06:18:05,5.6
06:19:05,5.6
06:20:05,5.4
06:21:05,5.4
06:22:05,5.4
06:23:05,5.4
06:24:05,5.4
06:25:05,5.4
06:26:05,5.4
06:27:05,5.4
06:28:05,5.4
06:29:05,5.4
06:30:05,5.4
06:31:05,5.4
06:32:05,5.5
06:33:05,5.4
06:34:05,5.5
06:35:05,5.5
06:36:05,5.5
06:37:05,5.4
06:38:05,5.5
06:39:05,5.4
06:40:05,5.5
06:41:05,5.4
06:42:05,5.4
06:43:04,5.4
06:44:05,5.5
06:45:05,5.4
06:46:05,5.3
06:47:05,5.5
06:48:05,5.5
06:49:05,5.5
06:50:05,5.5
06:51:05,5.5
06:52:05,5.5
06:53:05,5.5
06:54:05,5.5
06:55:05,5.5
06:56:05,5.5
06:57:05,5.5
06:58:05,5.5
06:59:05,5.5
07:00:05,5.5
07:01:05,5.5
07:02:05,5.5
07:03:05,5.5
07:04:05,5.5
07:05:04,5.7
07:06:05,5.6
07:07:05,5.4
07:08:05,5.5
07:09:05,5.5
07:10:05,5.5
07:11:05,5.5
07:12:05,5.5
07:13:05,5.7
07:14:05,5.7
07:15:05,5.7
07:16:05,5.5
07:17:05,5.5
07:18:05,5.5
07:19:05,5.7
07:20:05,5.7
07:21:05,5.5
07:22:05,5.7
07:23:04,5.7
07:24:05,5.7
07:25:05,5.7
07:26:05,5.7
07:27:05,5.7
07:28:05,5.7
07:29:05,5.7
07:30:05,5.6
07:31:05,5.7
07:32:05,5.7
07:33:05,5.7
07:34:05,5.7
07:35:05,5.7
07:36:05,5.7
07:37:05,5.7
07:38:05,5.6
07:39:05,5.7
07:40:05,5.6
07:41:05,5.6
07:42:05,5.6
07:43:05,5.6
07:44:05,5.6
07:45:05,5.6
07:46:05,5.6
07:47:05,5.6
07:48:05,5.6
07:49:05,5.6
07:50:05,5.6
07:51:05,5.6
07:52:05,5.6
07:53:05,5.6
07:54:05,5.6
07:55:05,5.6
07:56:05,5.6
07:57:05,5.6
07:58:05,5.6
07:59:05,5.6
08:00:05,5.6
08:01:05,5.6
08:02:05,5.6
08:03:05,5.6
08:04:04,5.6
08:05:05,5.6
08:06:05,5.6
08:07:05,5.6
08:08:05,5.6
08:09:05,5.6
08:10:05,5.6
08:11:05,5.6
08:12:05,5.5
08:13:05,5.6
08:14:05,5.6
08:15:05,5.5
08:16:05,5.5
08:17:05,5.5
08:18:05,5.5
08:19:05,5.5
08:20:05,5.5
08:21:05,5.6
08:22:05,5.7
08:23:04,5.6
08:24:05,5.7
08:25:05,5.6
08:26:05,5.5
08:27:05,5.7
08:28:05,5.7
08:29:05,5.5
08:30:05,5.7
08:31:05,5.7
08:32:05,5.7
08:33:05,5.5
08:34:05,5.7
08:35:05,5.7
08:36:05,5.7
08:37:05,5.7
08:38:05,5.7
08:39:05,5.7
08:40:05,5.7
08:41:05,5.7
08:42:04,5.7
08:43:05,5.7
08:44:05,5.7
08:45:05,5.9
08:46:05,5.8
08:47:05,5.9
08:48:05,5.7
08:49:05,5.9
08:50:05,5.9
08:51:05,5.9
08:52:05,5.9
08:53:05,5.9
08:54:05,5.9
08:55:05,5.9
08:56:05,5.9
08:57:05,5.9
08:58:05,5.9
08:59:05,5.7
09:00:05,5.9
09:01:05,5.9
09:02:05,5.9
09:03:05,5.8
09:04:05,5.9
09:05:05,5.7
09:06:05,5.9
09:07:05,5.9
09:08:05,5.9
09:09:05,5.9
09:10:05,5.9
09:11:05,5.8
09:12:05,5.9
09:13:05,5.9
09:14:05,5.7
09:15:05,5.9
09:16:05,5.9
09:17:05,5.9
09:18:05,5.9
09:19:05,5.8
09:20:05,5.8
09:21:05,5.8
09:22:04,5.8
09:23:05,5.7
09:24:05,5.6
09:25:05,5.8
09:26:05,5.8
09:27:05,5.6
09:28:05,5.8
09:29:05,5.8
09:30:05,5.8
09:31:05,5.8
09:32:05,5.8
09:33:05,5.8
09:34:05,5.8
09:35:05,5.8
09:36:05,5.8
09:37:05,5.8
09:38:05,5.6
09:39:05,5.6
09:40:05,5.6
09:41:04,5.6
09:42:05,5.6
09:43:05,5.8
09:44:05,5.8
09:45:05,5.8
09:46:05,5.8
09:47:05,5.8
09:48:05,5.8
09:49:05,5.6
09:50:05,5.8
09:51:05,5.7
09:52:05,5.6
09:53:05,5.6
09:54:05,5.6
09:55:05,5.8
09:56:05,5.7
09:57:05,5.7
09:58:05,5.7
09:59:05,5.8
10:00:05,5.8
10:01:05,5.8
10:02:05,5.8
10:03:05,5.7
10:04:05,5.8
10:05:05,5.8
10:06:05,5.8
10:07:05,5.8
10:08:05,5.8
10:09:05,5.8
10:10:05,5.8
10:11:05,5.8
10:12:05,6.0
10:13:05,5.7
10:14:05,6.0
10:15:05,6.0
10:16:05,6.0
10:17:05,5.9
10:18:05,5.9
10:19:05,6.0
10:20:04,6.0
10:21:05,6.0
10:22:05,6.0
10:23:05,6.0
10:24:05,5.9
10:25:05,5.9
10:26:05,5.9
10:27:05,5.9
10:28:05,5.9
10:29:05,6.0
10:30:05,6.1
10:31:05,5.7
10:32:05,5.7
10:33:05,5.9
10:34:05,5.9
10:35:05,6.0
10:36:05,5.9
10:37:05,5.9
10:38:05,6.1
10:39:05,5.9
10:40:04,5.9
10:41:05,6.0
10:42:05,5.9
10:43:05,5.7
10:44:05,5.9
10:45:05,5.9
10:46:05,6.0
10:47:05,5.9
10:48:05,6.1
10:49:05,6.1
10:50:05,6.1
10:51:05,6.1
10:52:05,6.1
10:53:05,6.0
10:54:05,6.1
10:55:05,6.1
10:56:05,5.9
10:57:05,6.1
10:58:05,5.9
10:59:05,5.9
11:00:05,5.9
11:01:05,5.9
11:02:05,5.9
11:03:05,6.1
11:04:05,5.9
11:05:05,5.8
11:06:05,5.8
11:07:05,5.8
11:08:05,5.8
11:09:05,5.8
11:10:05,5.8
11:11:05,5.8
11:12:05,5.9
11:13:05,5.9
11:14:05,5.8
11:15:05,5.9
11:16:05,5.9
11:17:04,5.9
11:18:05,5.9
11:19:05,5.8
11:20:05,5.9
11:21:05,5.8
11:22:05,5.9
11:23:05,5.8
11:24:05,5.8
11:25:05,5.8
11:26:05,5.8
11:27:05,5.8
11:28:05,5.8
11:29:05,5.8
11:30:05,5.8
11:31:05,5.8
11:32:05,5.8
11:33:05,5.8
11:34:05,5.8
11:35:05,5.8
11:36:05,5.8
11:37:04,5.8
11:38:05,5.8
11:39:05,5.8
11:40:05,6.0
11:41:05,6.0
11:42:05,6.0
11:43:05,6.0
11:44:05,5.8
11:45:05,6.0
11:46:05,6.0
11:47:05,6.0
11:48:05,6.0
11:49:05,5.8
11:50:05,5.9
11:51:05,6.0
11:52:05,5.8
11:53:05,5.7
11:54:05,6.0
11:55:05,5.8
11:56:05,5.9
11:57:04,5.9
11:58:05,5.9
11:59:05,5.9
12:00:05,5.8
12:01:05,5.9
12:02:05,6.0
12:03:05,6.0
12:04:05,5.9
12:05:05,6.0
12:06:05,6.0
12:07:05,6.0
12:08:05,6.1
12:09:05,6.2
12:10:05,6.0
12:11:05,5.9
12:12:05,5.9
12:13:04,6.0
12:14:05,6.0
12:15:05,6.2
12:16:05,6.2
12:17:05,6.1
12:18:05,6.2
12:19:05,6.2
12:20:05,6.2
12:21:05,6.2
12:22:05,6.2
12:23:05,6.2
12:24:05,6.1
12:25:05,6.2
12:26:05,6.2
12:27:05,6.1
12:28:05,6.0
12:29:05,6.1
12:30:05,6.1
12:31:05,6.2
12:32:05,6.2
12:33:05,6.1
12:34:05,6.1
12:35:05,6.1
12:36:05,5.9
12:37:05,6.1
12:38:05,6.1
12:39:05,6.1
12:40:05,6.1
12:41:05,6.2
12:42:05,6.2
12:43:05,6.1
12:44:05,6.2
12:45:05,6.2
12:46:05,6.1
12:47:05,5.9
12:48:05,6.2
12:49:05,6.2
12:50:05,5.9
12:51:05,6.2
12:52:04,6.1
12:53:05,5.9
12:54:05,6.1
12:55:05,6.2
12:56:05,6.1
12:57:05,5.9
12:58:05,6.2
12:59:05,6.1
13:00:05,6.1
13:01:05,6.1
13:02:05,6.1
13:03:05,6.1
13:04:05,6.1
13:05:05,6.1
13:06:05,6.1
13:07:05,6.1
13:08:05,6.1
13:09:05,6.1
13:10:05,6.1
13:11:05,6.1
13:12:05,6.1
13:13:05,6.1
13:14:04,6.1
13:15:05,6.1
13:16:05,6.1
13:17:05,6.1
13:18:05,6.1
13:19:05,6.1
13:20:05,6.1
13:21:05,6.1
13:22:05,6.1
13:23:05,6.1
13:24:05,6.0
13:25:05,6.1
13:26:05,6.1
13:27:05,6.1
13:28:05,5.9
13:29:05,6.1
13:30:05,6.0
13:31:05,6.0
13:32:05,6.1
13:33:04,6.1
13:34:05,6.0
13:35:05,6.0
13:36:05,6.0
13:37:05,6.0
13:38:05,6.0
13:39:05,6.0
13:40:05,6.0
13:41:05,6.0
13:42:05,6.0
13:43:05,6.0
13:44:05,6.0
13:45:05,6.0
13:46:05,6.1
13:47:05,6.0
13:48:05,5.8
13:49:05,6.1
13:50:05,6.2
13:51:05,6.2
13:52:05,6.2
13:53:05,6.2
13:54:04,6.2
13:55:04,6.2
13:56:05,6.2
13:57:05,6.2
13:58:05,6.2
13:59:05,6.2
14:00:05,6.2
14:01:05,6.2
14:02:05,6.1
14:03:05,6.2
14:04:05,6.2
14:05:05,6.0
14:06:05,6.4
14:07:05,6.4
14:08:05,6.3
14:09:05,6.2
14:10:05,6.2
14:11:05,6.2
14:12:05,6.2
14:13:04,6.3
14:14:05,6.2
14:15:05,6.2
14:16:05,6.4
14:17:05,6.4
14:18:05,6.3
14:19:05,6.2
14:20:05,6.3
14:21:05,6.3
14:22:05,6.4
14:23:05,6.5
14:24:05,6.5
14:25:05,6.5
14:26:05,6.6
14:27:05,6.5
14:28:05,6.4
14:29:05,6.4
14:30:05,6.4
14:31:04,6.4
14:32:05,6.3
14:33:05,6.5
14:34:05,6.4
14:35:05,6.4
14:36:05,6.2
14:37:05,6.5
14:38:05,6.3
14:39:05,6.4
14:40:05,6.4
14:41:05,6.4
14:42:05,6.5
14:43:05,6.4
14:44:05,6.4
14:45:05,6.4
14:46:05,6.4
14:47:05,6.4
14:48:05,6.4
14:49:05,6.4
14:50:05,6.4
14:51:05,6.4
14:52:04,6.4
14:53:05,6.4
14:54:05,6.4
14:55:05,6.4
14:56:05,6.4
14:57:05,6.3
14:58:05,6.3
14:59:05,6.4
15:00:05,6.3
15:01:05,6.3
15:02:05,6.3
15:03:05,6.3
15:04:05,6.3
15:05:05,6.3
15:06:05,6.3
15:07:05,6.3
15:08:05,6.3
15:09:05,6.3
15:10:05,6.3
15:11:04,6.3
15:12:05,6.3
15:13:05,6.2
15:14:05,6.3
15:15:05,6.3
15:16:05,6.3
15:17:05,6.3
15:18:05,6.3
15:19:05,6.3
15:20:05,6.3
15:21:05,6.1
15:22:05,6.3
15:23:05,6.1
15:24:05,6.1
15:25:05,6.1
15:26:05,6.3
15:27:05,6.3
15:28:05,6.1
15:29:05,6.3
15:30:05,6.3
15:31:05,6.1
15:32:04,6.1
15:33:05,6.1
15:34:05,6.1
15:35:05,6.1
15:36:05,6.1
15:37:05,6.1
15:38:05,6.1
15:39:05,6.1
15:40:05,6.1
15:41:05,6.1
15:42:05,6.1
15:43:05,6.1
15:44:05,6.1
15:45:05,6.1
15:46:05,6.1
15:47:05,6.1
15:48:05,6.3
15:49:05,6.3
15:50:05,6.3
15:51:05,6.3
15:52:05,6.3
15:53:04,6.2
15:54:05,6.3
15:55:05,6.2
15:56:05,6.1
15:57:05,6.2
15:58:05,6.2
15:59:05,6.3
16:00:05,6.2
16:01:05,6.3
16:02:05,6.2
16:03:05,6.3
16:04:05,6.3
16:05:05,6.5
16:06:05,6.4
16:07:05,6.5
16:08:05,6.5
16:09:05,6.5
16:10:05,6.5
16:11:05,6.5
16:12:05,6.5
16:13:05,6.5
16:14:05,6.5
16:15:05,6.5
16:16:05,6.5
16:17:05,6.5
16:18:05,6.5
16:19:05,6.5
16:20:05,6.4
16:21:05,6.5
16:22:05,6.6
16:23:05,6.7
16:24:05,6.7
16:25:05,6.7
16:26:05,6.7
16:27:05,6.7
16:28:05,6.7
16:29:05,6.7
16:30:05,6.7
16:31:05,6.7
16:32:05,6.7
16:33:05,6.7
16:34:05,6.7
16:35:04,6.7
16:36:05,6.7
16:37:05,6.7
16:38:05,6.4
16:39:05,6.4
16:40:05,6.5
16:41:05,6.6
16:42:05,6.6
16:43:05,6.7
16:44:05,6.5
16:45:05,6.6
16:46:05,6.4
16:47:05,6.6
16:48:05,6.6
16:49:05,6.7
16:50:05,6.6
16:51:05,6.5
16:52:05,6.6
16:53:05,6.6
16:54:05,6.6
16:55:05,6.7
16:56:04,6.6
16:57:05,6.7
16:58:05,6.7
16:59:05,6.4
17:00:05,6.7
17:01:05,6.7
17:02:05,6.7
17:03:05,6.6
17:04:05,6.6
17:05:05,6.6
17:06:05,6.6
17:07:05,6.6
17:08:05,6.6
17:09:05,6.6
17:10:05,6.6
17:11:05,6.6
17:12:04,6.4
17:13:05,6.4
17:14:05,6.4
17:15:05,6.4
17:16:05,6.4
17:17:05,6.4
17:18:05,6.4
17:19:05,6.4
17:20:05,6.4
17:21:05,6.4
17:22:05,6.4
17:23:05,6.4
17:24:05,6.4
17:25:05,6.4
17:26:05,6.4
17:27:05,6.4
17:28:05,6.4
17:29:05,6.4
17:30:05,6.4
17:31:05,6.3
17:32:05,6.3
17:33:04,6.3
17:34:04,6.3
17:35:05,6.3
17:36:05,6.3
17:37:05,6.3
17:38:05,6.3
17:39:05,6.3
17:40:05,6.3
17:41:05,6.3
17:42:05,6.3
17:43:05,6.3
17:44:05,6.3
17:45:05,6.3
17:46:05,6.3
17:47:05,6.3
17:48:05,6.3
17:49:05,6.3
17:50:05,6.3
17:51:05,6.3
17:52:05,6.3
17:53:05,6.3
17:54:04,6.1
17:55:04,6.1
17:56:05,6.1
17:57:05,6.3
17:58:05,6.3
17:59:05,6.3
18:00:05,6.3
18:01:05,6.3
18:02:05,6.3
18:03:05,6.2
18:04:05,6.3
18:05:05,6.3
18:06:05,6.3
18:07:05,6.3
18:08:05,6.5
18:09:05,6.5
18:10:05,6.5
18:11:04,6.5
18:12:05,6.5
18:13:05,6.5
18:14:05,6.4
18:15:05,6.5
18:16:05,6.3
18:17:05,6.5
18:18:05,6.4
18:19:05,6.5
18:20:05,6.5
18:21:05,6.7
18:22:05,6.5
18:23:05,6.5
18:24:05,6.6
18:25:05,6.5
18:26:05,6.5
18:27:05,6.5
18:28:05,6.5
18:29:05,6.7
18:30:05,6.5
18:31:05,6.5
18:32:05,6.7
18:33:05,6.7
18:34:05,6.7
18:35:05,6.7
18:36:05,6.5
18:37:05,6.7
18:38:05,6.7
18:39:05,6.7
18:40:05,6.7
18:41:05,6.7
18:42:05,6.7
18:43:05,6.7
18:44:05,6.7
18:45:05,6.7
18:46:05,6.7
18:47:05,6.7
18:48:05,6.6
18:49:05,6.7
18:50:05,6.7
18:51:05,6.6
18:52:05,6.6
18:53:05,6.7
18:54:04,6.7
18:55:05,6.9
18:56:05,6.7
18:57:05,6.9
18:58:05,6.8
18:59:05,6.7
19:00:05,6.9
19:01:05,6.9
19:02:05,6.7
19:03:05,6.9
19:04:05,6.9
19:05:05,6.9
19:06:05,6.9
19:07:05,6.7
19:08:05,6.9
19:09:05,6.7
19:10:05,6.7
19:11:05,6.6
19:12:05,6.7
19:13:05,6.6
19:14:05,6.6
19:15:05,6.7
19:16:05,6.6
19:17:05,6.6
19:18:05,6.6
19:19:05,6.7
19:20:05,6.7
19:21:05,6.6
19:22:05,6.7
19:23:05,6.6
19:24:05,6.7
19:25:05,6.6
19:26:05,6.6
19:27:05,6.6
19:28:05,6.6
19:29:05,6.6
19:30:05,6.6
19:31:05,6.4
19:32:05,6.6
19:33:04,6.6
19:34:05,6.6
19:35:05,6.4
19:36:05,6.6
19:37:05,6.5
19:38:05,6.4
19:39:05,6.4
19:40:05,6.4
19:41:05,6.6
19:42:05,6.4
19:43:05,6.4
19:44:05,6.5
19:45:05,6.4
19:46:05,6.4
19:47:05,6.5
19:48:05,6.3
19:49:05,6.3
19:50:05,6.3
19:51:05,6.4
19:52:05,6.5
19:53:05,6.3
19:54:04,6.5
19:55:05,6.3
19:56:05,6.3
19:57:05,6.3
19:58:05,6.3
19:59:05,6.5
20:00:05,6.5
20:01:05,6.5
20:02:05,6.3
20:03:05,6.5
20:04:05,6.5
20:05:05,6.5
20:06:05,6.3
20:07:05,6.5
20:08:04,6.5
20:09:05,6.5
20:10:05,6.5
20:11:05,6.5
20:12:05,6.5
20:13:05,6.5
20:14:05,6.5
20:15:05,6.5
20:16:05,6.5
20:17:05,6.5
20:18:05,6.5
20:19:05,6.5
20:20:05,6.5
20:21:05,6.5
20:22:05,6.5
20:23:05,6.7
20:24:05,6.7
20:25:05,6.7
20:26:05,6.7
20:27:05,6.8
20:28:05,6.7
20:29:04,6.8
20:30:05,6.9
20:31:05,6.8
20:32:05,6.9
20:33:05,6.9
20:34:05,6.9
20:35:05,6.8
20:36:05,6.8
20:37:05,6.9
20:38:05,6.9
20:39:05,6.9
20:40:05,6.9
20:41:05,6.9
20:42:05,6.7
20:43:05,6.9
20:44:05,6.9
20:45:05,7.0
20:46:05,6.9
20:47:05,7.0
20:48:05,6.9
20:49:05,7.0
20:50:05,6.9
20:51:04,6.9
20:52:05,6.9
20:53:05,6.9
20:54:05,6.9
20:55:05,7.0
20:56:05,7.0
20:57:05,6.7
20:58:05,7.0
20:59:05,6.9
21:00:05,6.8
21:01:05,6.9
21:02:05,6.9
21:03:05,6.9
21:04:05,6.7
21:05:05,6.7
21:06:05,6.9
21:07:05,6.8
21:08:04,6.8
21:09:05,6.7
21:10:05,6.7
21:11:05,6.9
21:12:05,6.7
21:13:05,6.9
21:14:05,6.9
21:15:05,6.9
21:16:05,6.8
21:17:05,6.7
21:18:05,6.8
21:19:05,6.7
21:20:05,6.6
21:21:05,6.6
21:22:05,6.6
21:23:05,6.6
21:24:05,6.6
21:25:05,6.7
21:26:05,6.6
21:27:05,6.6
21:28:04,6.6
21:29:05,6.7
21:30:05,6.6
21:31:05,6.6
21:32:05,6.6
21:33:05,6.5
21:34:05,6.5
21:35:05,6.5
21:36:05,6.6
21:37:05,6.5
21:38:05,6.6
21:39:05,6.6
21:40:05,6.5
21:41:05,6.6
21:42:05,6.6
21:43:05,6.6
21:44:05,6.5
21:45:05,6.5
21:46:05,6.5
21:47:05,6.6
21:48:05,6.6
21:49:05,6.7
21:50:04,6.7
21:51:04,6.8
21:52:05,6.8
21:53:05,6.7
21:54:05,6.6
21:55:05,6.8
21:56:05,6.7
21:57:05,6.7
21:58:05,6.8
21:59:05,6.8
22:00:05,6.8
22:01:05,6.8
22:02:05,6.8
22:03:05,6.8
22:04:04,6.8
22:05:05,7.0
22:06:05,7.0
22:07:05,7.0
22:08:05,7.0
22:09:05,7.0
22:10:05,7.0
22:11:05,7.0
22:12:05,6.9
22:13:05,7.0
22:14:05,7.0
22:15:05,7.0
22:16:05,7.1
22:17:05,6.9
22:18:05,6.9
22:19:05,6.9
22:20:05,7.0
22:21:05,7.2
22:22:05,7.2
22:23:05,7.2
22:24:04,7.1
22:25:05,7.1
22:26:05,7.2
22:27:05,6.9
22:28:05,7.0
22:29:05,7.0
22:30:05,7.0
22:31:05,6.9
22:32:05,7.1
22:33:05,7.1
22:34:05,6.9
22:35:05,6.9
22:36:05,7.1
22:37:05,6.9
22:38:05,7.1
22:39:05,7.1
22:40:05,6.9
22:41:05,6.9
22:42:05,6.9
22:43:05,6.9
22:44:05,6.9
22:45:05,6.9
22:46:05,6.9
22:47:05,6.9
22:48:05,6.9
22:49:05,6.9
22:50:05,6.8
22:51:05,6.8
22:52:05,6.7
22:53:05,6.8
22:54:05,6.8
22:55:05,6.8
22:56:05,6.8
22:57:05,6.8
22:58:05,6.6
22:59:05,6.6
23:00:05,6.6
23:01:05,6.5
23:02:05,6.6
23:03:05,6.6
23:04:05,6.6
23:05:05,6.6
23:06:05,6.5
23:07:05,6.5
23:08:05,6.8
23:09:05,6.8
23:10:05,6.8
23:11:05,6.7
23:12:05,6.7
23:13:05,6.8
23:14:05,6.8
23:15:05,7.0
23:16:05,7.0
23:17:05,7.0
23:18:04,7.0
23:19:05,7.0
23:20:05,7.0
23:21:05,7.0
23:22:05,7.0
23:23:05,7.0
23:24:05,7.0
23:25:05,7.0
23:26:05,7.0
23:27:05,7.2
23:28:05,7.2
23:29:05,7.2
23:30:05,7.0
23:31:05,7.2
23:32:05,7.0
23:33:05,7.2
23:34:05,7.2
23:35:05,7.2
23:36:05,7.2
23:37:05,7.2
23:38:05,7.2
23:39:04,7.2
23:40:05,7.2
23:41:05,7.2
23:42:05,7.2
23:43:05,7.2
23:44:05,7.2
23:45:05,7.2
23:46:05,7.1
23:47:05,7.2
23:48:05,7.2
23:49:05,7.2
23:50:05,7.1
23:51:05,7.2
23:52:05,7.2
23:53:05,7.2
23:54:05,7.2
23:55:05,7.2
23:56:05,7.2
23:57:05,7.2
23:58:04,7.2
23:59:05,7.2
